id,nombre_completo,estructura_id,estructura
00554053,"Alatorre Quintero, Naomi",6,pulmones
00514083,"Altamirano Reniery, Yael",4,faringe
00543797,"Ameneyro Villarino, Lizeth",1,traquea
00565749,"Arciniega Perez, Sadot",6,pulmones
00545225,"Carmona Herrera, Ximena",4,faringe
00556039,"Casarrubias Salazar, Areli",1,traquea
00562302,"Castañón Buendia, Elide",4,faringe
00543018,"Celaya Carlos, Camila",1,traquea
00553159,"Cruz Montes, Erick",5,cavidad_nasal
00548339,"de Lira Campos, Diego Esteban",2,laringe
00546467,"del Real González, Paulina",5,cavidad_nasal
00551276,"Enríquez Moreno, Fabiana",4,faringe
00540793,"Fonseca Jimenez, Natalia",6,pulmones
00561357,"García Castro, Ana Paula",5,cavidad_nasal
00547540,"García Guadarrama, Nicolás",3,bronquios_carina
00546041,"González Razzón, Karla Melissa",6,pulmones
00569611,"González Vargas, Fernanda",6,pulmones
00550849,"Mena Fierro, Daniela",5,cavidad_nasal
00552285,"Mendizabal Camacho, Bruno",2,laringe
00556007,"Meza Hoy, Frida Gizet",2,laringe
00547481,"Montemayor Nemer, Isabella",1,traquea
00543215,"Ochoa Lomeli, Lucía",2,laringe
00550134,"Pérez García, Mónica",5,cavidad_nasal
00564882,"Pozos Andrade, Melisa",3,bronquios_carina
00571493,"Reyes Ruiz, Sergio Daniel",3,bronquios_carina
00574962,"Robles Cruz, Perla Camila",5,cavidad_nasal
00552586,"Sánchez Guzmán, Isabella",3,bronquios_carina
00494080,"Sánchez Torices, David Iván",1,traquea
00546567,"Simroth García, Federico",3,bronquios_carina
00554064,"Torres Delgado, Karol Guadalupe",2,laringe
00541560,"Trejo Lujan, Angel Alejandro",2,laringe
00546251,"Valdés Arámbula, Sofia Octivela",4,faringe
00557302,"Vega Mena, Salma Lucia",1,traquea
00112233,Test ,6,pulmones
